Name,Position,Service,Off_Svc,Year,Nom_Rcvd,Nom_Conf,Nom_Lag,Congress,POTUS,P_Party,S_Party,Vote_Type,Vote_Simple,DYes,Dno,Dnv,Ryes,Rno,Rnv,Sen_Pres,Renomination,Notes
"Abbot, Charles S.",DEUCOM,DoD,USN,1998,4/20/98,5/22/98,32,105,"Clinton, Bill",Democrat,Republican,Voice,Voice/UC,,,,,,,0,,
"Abizaid, John P.",CENTCOM,DoD,USA,2003,6/18/03,6/27/03,9,108,"Bush, GW",Republican,Republican,Voice,Voice/UC,,,,,,,1,,
"Abrams, John N.",TRADOC,USA,USA,1998,7/7/98,7/30/98,23,105,"Clinton, Bill",Democrat,Republican,Voice,Voice/UC,,,,,,,0,,
"Abrams, Robert B.",FORSCOM,USA,USA,2015,6/4/15,6/23/15,19,114,"Obama, Barrack",Democrat,Republican,Voice,Voice/UC,,,,,,,0,,
"Alexander, Keith B.",CYBER,DoD,USA,2010,10/20/09,5/7/10,199,111,"Obama, Barrack",Democrat,Democrat,Voice,Voice/UC,,,,,,,1,,
"Allen, John R.",USFORA,DoD,USMC,2011,6/8/11,6/30/11,22,112,"Obama, Barrack",Democrat,Democrat,Voice,Voice/UC,,,,,,,1,,
"Allyn, Daniel B.",FORSCOM,USA,USA,2013,4/9/13,4/18/13,9,113,"Obama, Barrack",Democrat,Democrat,Voice,Voice/UC,,,,,,,1,,
"Allyn, Daniel B.",VCSA,USA,USA,2014,7/7/14,7/23/14,16,113,"Obama, Barrack",Democrat,Democrat,Voice,Voice/UC,,,,,,,1,,
"Amos, James F.",ACMC,USMC,USMC,2008,2/11/08,3/13/08,31,110,"Bush, GW",Republican,Democrat,Voice,Voice/UC,,,,,,,0,,
"Amos, James F.",CMC,USMC,USMC,2010,7/21/10,9/29/10,70,111,"Obama, Barrack",Democrat,Democrat,Voice,Voice/UC,,,,,,,1,,
"Arthur, Stanley R.",PACOM,DoD,USN,1994,4/21/94,7/1/94,71,103,"Clinton, Bill",Democrat,Democrat,Withdrawn,Withdrawn,,,,,,,1,,
"Arthur, Stanley R.",VCNO,USN,USN,1992,4/28/92,7/2/92,65,102,"Bush, GHW",Republican,Democrat,Unanimous Consent,Voice/UC,,,,,,,0,,
"Ashy, Joseph W.",SPACE,DoD,USAF,1994,6/9/94,7/15/94,36,103,"Clinton, Bill",Democrat,Democrat,Voice,Voice/UC,,,,,,,1,,
"Austin, Lloyd J., III",CENTCOM,DoD,USA,2013,1/23/13,3/5/13,41,113,"Obama, Barrack",Democrat,Democrat,Voice,Voice/UC,,,,,,,1,,
"Austin, Lloyd J., III",USFI,DoD,USA,2010,5/18/10,6/30/10,43,111,"Obama, Barrack",Democrat,Democrat,Voice,Voice/UC,,,,,,,1,,
"Austin, Lloyd J., III",VCSA,USA,USA,2011,10/5/11,11/10/11,36,113,"Obama, Barrack",Democrat,Democrat,Voice,Voice/UC,,,,,,,1,,
"Babbitt, George T., Jr.",AFMC,USAF,USAF,1997,2/26/97,5/21/97,84,105,"Clinton, Bill",Democrat,Republican,Voice,Voice/UC,,,,,,,0,,
"Begert, William J.",PACAF,USAF,USAF,2001,4/6/01,5/1/01,25,107,"Bush, GW",Republican,Republican,Voice,Voice/UC,,,,,,,1,,
"Bell, Burwell B., III",USAREUR,USA,USA,2002,10/8/02,10/17/02,9,107,"Bush, GW",Republican,Democrat,Voice,Voice/UC,,,,,,,0,,
"Bell, Burwell B., III",USFK,DoD,USA,2005,9/6/05,10/28/05,52,109,"Bush, GW",Republican,Republican,Voice,Voice/UC,,,,,,,1,,
"Blair, Dennis C.",PACOM,DoD,USN,1998,7/17/98,9/25/98,70,106,"Clinton, Bill",Democrat,Republican,Voice,Voice/UC,,,,,,,0,,
"Boles, Billy J.",AFETC,USAF,USAF,1995,2/8/95,5/23/95,104,104,"Clinton, Bill",Democrat,Republican,Voice,Voice/UC,,,,,,,0,,
"Boomer, Walter E",ACMC,USMC,USMC,1992,8/4/92,8/12/92,8,102,"Bush, GHW",Republican,Democrat,Voice,Voice/UC,,,,,,,0,,
"Boorda, Jeremy M.",CNO,USN,USN,1994,3/15/94,4/21/94,37,103,"Clinton, Bill",Democrat,Democrat,Voice,Voice/UC,,,,,,,1,,
"Bowman, Frank L.",NNPP,USN,USN,1996,5/2/96,6/20/96,49,104,"Clinton, Bill",Democrat,Republican,Voice,Voice/UC,,,,,,,0,,
"Boyd, Charles G.",EUCOM,DoD,USAF,1992,9/17/92,10/6/92,19,102,"Bush, GHW",Republican,Democrat,Voice,Voice/UC,,,,,,,0,,
"Brady, Roger A.",USAFE,USAF,USAF,2007,11/15/07,12/19/07,34,110,"Bush, GW",Republican,Democrat,Voice,Voice/UC,,,,,,,0,,
"Bramlett, David A.",FORCSOM,USA,USA,1996,5/9/96,6/20/96,42,104,"Clinton, Bill",Democrat,Republican,Voice,Voice/UC,,,,,,,0,,
"Breedlove, Philip M.",EUCOM,DoD,USAF,2013,4/8/13,4/18/13,10,113,"Obama, Barrack",Democrat,Democrat,Voice,Voice/UC,,,,,,,1,,
"Breedlove, Philip M.",USAFE,USAF,USAF,2012,5/10/12,5/24/12,14,112,"Obama, Barrack",Democrat,Democrat,Voice,Voice/UC,,,,,,,1,,
"Breedlove, Philip M.",VCSAF,USAF,USAF,2010,9/13/10,9/29/10,16,112,"Obama, Barrack",Democrat,Democrat,Voice,Voice/UC,,,,,,,1,,
"Brooks, Vincent K.",USARPAC,USA,USA,2013,2/7/13,3/5/13,26,113,"Obama, Barrack",Democrat,Democrat,Voice,Voice/UC,,,,,,,1,,
"Brooks, Vincent K.",USFK,DoD,USA,2016,4/4/16,4/28/16,24,114,"Obama, Barrack",Democrat,Republican,Voice,Voice/UC,,,,,,,0,,
"Brown, Bryan D.",SOCOM,DoD,USA,2003,6/18/03,7/31/03,43,108,"Bush, GW",Republican,Republican,Voice,Voice/UC,,,,,,,1,,
"Brown, Robert B.",USARPAC,USA,USA,2016,4/14/16,4/28/16,14,114,"Obama, Barrack",Democrat,Republican,Voice,Voice/UC,,,,,,,0,,
"Butler, George L.",STRATCOM,DoD,USAF,1992,3/3/92,5/21/92,79,102,"Bush, GHW",Republican,Democrat,Unanimous Consent,Voice/UC,,,,,,,0,,
"Byrnes, Kevin P.",TRADOC,USA,USA,2002,9/24/02,10/1/02,7,107,"Bush, GW",Republican,Democrat,Voice,Voice/UC,,,,,,,0,,
"Caldwell Jr, James F.",NNPP,USN,USN,2015,7/21/15,8/5/15,15,114,"Obama, Barrack",Democrat,Republican,Voice,Voice/UC,,,,,,,0,,
"Campbell, Charles C.",FORSCOM,USA,USA,2006,9/21/06,9/29/06,8,110,"Bush, GW",Republican,Democrat,Voice,Voice/UC,,,,,,,0,,
"Campbell, John F.",USFORA,DoD,USA,2014,6/17/14,7/23/14,36,113,"Obama, Barrack",Democrat,Democrat,Voice,Voice/UC,,,,,,,1,,
"Campbell, John F.",VCSA,USA,USA,2013,11/13/12,3/5/13,112,113,"Obama, Barrack",Democrat,Democrat,Voice,Voice/UC,,,,,,,1,,
"Carlisle, Herbert J.",ACC,USAF,USAF,2014,7/14/14,7/23/14,9,113,"Obama, Barrack",Democrat,Democrat,Voice,Voice/UC,,,,,,,1,,
"Carlisle, Herbert J.",PACAF,USAF,USAF,2012,1/23/12,6/29/12,158,112,"Obama, Barrack",Democrat,Democrat,Voice,Voice/UC,,,,,,,1,,
"Carlson, Bruce A.",AFMC,USAF,USAF,2004,5/17/04,9/30/04,136,108,"Bush, GW",Republican,Republican,Voice,Voice/UC,,,,,,,1,,
"Cartwright, James E.",STRATCOM,DoD,USMC,2004,6/15/04,7/8/04,23,108,"Bush, GW",Republican,Republican,Voice,Voice/UC,,,,,,,1,,
"Cartwright, James E.",VCJCS,DoD,USMC,2007,6/28/07,8/3/07,36,110,"Bush, GW",Republican,Democrat,Voice,Voice/UC,,,,,,,0,,
"Casey, George W., Jr.",MNFI,DoD,USA,2004,6/14/04,6/24/04,10,108,"Bush, GW",Republican,Republican,Voice,Voice/UC,,,,,,,1,,
"Casey, George W., Jr.",VCSA,USA,USA,2003,9/22/03,10/2/03,10,108,"Bush, GW",Republican,Republican,Voice,Voice/UC,,,,,,,1,,
"Casey, George W., Jr.",CSA,USA ,USA,2007,1/16/07,2/8/07,23,110,"Bush, GW",Republican,Democrat,Rollcall,Rollcall,46,4,1,37,10,2,0,,
"Chandler, Carrol H.",PACAF,USAF,USAF,2007,4/30/07,11/16/07,200,110,"Bush, GW",Republican,Democrat,Voice,Voice/UC,,,,,,,0,,
"Chandler, Carrol H.",VCSAF,USAF,USAF,2009,5/14/09,6/19/09,36,111,"Obama, Barrack",Democrat,Democrat,Voice,Voice/UC,,,,,,,1,,
"Chiarelli, Peter W.",VCSA,USA,USA,2008,4/30/08,6/4/08,35,110,"Bush, GW",Republican,Democrat,Voice,Voice/UC,,,,,,,0,,
"Chiles Jr, Henry G.",STRATCOM,DoD,USN,1994,2/3/94,2/9/94,6,103,"Clinton, Bill",Democrat,Democrat,Voice,Voice/UC,,,,,,,1,,
"Chilton, Kevin P.",AFSC,USAF,USAF,2006,4/27/06,5/19/06,22,109,"Bush, GW",Republican,Republican,Voice,Voice/UC,,,,,,,1,,
"Chilton, Kevin P.",STRATCOM,DoD,USAF,2007,7/25/07,9/28/07,65,110,"Bush, GW",Republican,Democrat,Voice,Voice/UC,,,,,,,0,,
"Clark, Vernon E.",CNO,USN,USN,2000,4/7/00,5/17/00,40,106,"Clinton, Bill",Democrat,Republican,Voice,Voice/UC,,,,,,,0,,
"Clark, Vernon E.",LANTFLT,USN,USN,1999,5/19/99,6/30/99,42,106,"Clinton, Bill",Democrat,Republican,Voice,Voice/UC,,,,,,,0,,
"Clark, Wesley K.",EUCOM,DoD,USA,1997,6/12/97,7/9/97,27,105,"Clinton, Bill",Democrat,Republican,Voice,Voice/UC,,,,,,,0,,
"Clark, Wesley K.",SOUTHCOM,DoD,USA,1996,4/19/96,6/20/96,62,104,"Clinton, Bill",Democrat,Republican,Voice,Voice/UC,,,,,,,0,,
"Clemins, Archie R.",PACFLT,USN,USN,1996,4/25/96,6/20/96,56,104,"Clinton, Bill",Democrat,Republican,Voice,Voice/UC,,,,,,,0,,
"Clingan, Bruce W.",NAVEUR,USN,USN,2012,1/31/12,2/17/12,17,112,"Obama, Barrack",Democrat,Democrat,Voice,Voice/UC,,,,,,,1,,
"Coburn, John G.",AAMC,USAF,USA,1999,3/22/99,4/29/99,38,106,"Clinton, Bill",Democrat,Republican,Voice,Voice/UC,,,,,,,0,,
"Cody, Richard A.",VCSA,USA,USA,2004,6/14/04,6/24/04,10,108,"Bush, GW",Republican,Republican,Voice,Voice/UC,,,,,,,1,,
"Cone, Robert W.",TRADOC,USA,USA,2011,3/16/11,4/14/11,29,112,"Obama, Barrack",Democrat,Democrat,Voice,Voice/UC,,,,,,,1,,
"Conway, James T.",CMC,USMC,USMC,2006,6/14/06,8/2/06,49,109,"Bush, GW",Republican,Republican,Voice,Voice/UC,,,,,,,1,,
"Cook, Donald G.",AETC,USAF,USAF,2001,10/30/01,11/29/01,30,107,"Bush, GW",Republican,Democrat,Voice,Voice/UC,,,,,,,0,,
"Corley, John D.W.",ACC,USAF,USAF,2007,6/21/07,8/1/07,41,110,"Bush, GW",Republican,Democrat,Voice,Voice/UC,,,,,,,0,,
"Corley, John D.W.",VCSAF,USAF,USAF,2005,6/28/05,7/29/05,31,109,"Bush, GW",Republican,Republican,Voice,Voice/UC,,,,,,,1,,
"Craddock, Bantz J.",EUCOM,DoD,USA,2006,7/14/06,8/29/06,46,109,"Bush, GW",Republican,Republican,Voice,Voice/UC,,,,,,,1,,
"Craddock, Bantz J.",SOUTHCOM,DoD,USA,2004,6/16/04,7/22/04,36,108,"Bush, GW",Republican,Republican,Voice,Voice/UC,,,,,,,1,,
"Crouch, William W.",USAREUR,USA,USA,1994,7/28/94,9/23/94,57,103,"Clinton, Bill",Democrat,Democrat,Voice,Voice/UC,,,,,,,1,,
"Crouch, William W.",VCSA,USA,USA,1997,6/19/97,7/24/97,35,105,"Clinton, Bill",Democrat,Republican,Voice,Voice/UC,,,,,,,0,,
"Dake, Terrence R.",ACMC,USMC,USMC,1998,4/20/98,5/22/98,32,105,"Clinton, Bill",Democrat,Republican,Voice,Voice/UC,,,,,,,0,,
"Davidson, Philip S.",FFC,USN,USN,2014,7/31/14,9/17/14,48,113,"Obama, Barrack",Democrat,Democrat,Voice,Voice/UC,,,,,,,1,,
"Dempsey, Martin E.",CJCS,DoD,USA,2011,6/6/11,8/2/11,57,112,"Obama, Barrack",Democrat,Democrat,Voice,Voice/UC,,,,,,,1,,
"Dempsey, Martin E.",CSA,USA ,USA,2011,2/7/11,3/16/11,37,112,"Obama, Barrack",Democrat,Democrat,Voice,Voice/UC,,,,,,,1,,
"Dempsey, Martin E.",TRADOC,USA,USA,2008,7/10/08,7/23/08,13,110,"Bush, GW",Republican,Democrat,Voice,Voice/UC,,,,,,,0,,
"Donald, Kirkland H.",NNPP,USN,USN,2004,7/21/04,9/30/04,71,108,"Bush, GW",Republican,Republican,Voice,Voice/UC,,,,,,,1,,
"Doran, Walter F.",PACFLT,USN,USN,2002,4/22/02,4/30/02,8,107,"Bush, GW",Republican,Democrat,Voice,Voice/UC,,,,,,,0,,
"Downing, Wayne A.",SOCOM,DoD,USA,1993,5/6/93,5/19/93,13,103,"Clinton, Bill",Democrat,Democrat,Unanimous Consent,Voice/UC,,,,,,,1,,
"Dunford, Joseph F., Jr.",ACMC,USMC,USMC,2010,8/3/10,9/29/10,57,111,"Obama, Barrack",Democrat,Democrat,Voice,Voice/UC,,,,,,,1,,
"Dunford, Joseph F., Jr.",CJCS,DoD,USMC,2015,5/21/15,7/29/15,69,114,"Obama, Barrack",Democrat,Republican,Voice,Voice/UC,,,,,,,0,,
"Dunford, Joseph F., Jr.",CMC,USMC,USMC,2014,6/4/14,7/23/14,49,113,"Obama, Barrack",Democrat,Democrat,Voice,Voice/UC,,,,,,,1,,
"Dunford, Joseph F., Jr.",USFORA,DoD,USMC,2012,11/13/12,12/3/12,20,113,"Obama, Barrack",Democrat,Democrat,Voice,Voice/UC,,,,,,,1,,
"Dunwoody, Ann E.",AAMC,USAF,USA,2008,6/23/08,7/23/08,30,110,"Bush, GW",Republican,Democrat,Voice,Voice/UC,,,,,,,0,,
"Eberhart, Ralph E.",ACC,USAF,USAF,1999,4/15/99,4/29/99,14,106,"Clinton, Bill",Democrat,Republican,Voice,Voice/UC,,,,,,,0,,
"Eberhart, Ralph E.",NORTHCOM,DoD,USAF,2002,5/8/02,6/27/02,50,107,"Bush, GW",Republican,Democrat,Voice,Voice/UC,,,,,,,0,,
"Eberhart, Ralph E.",SPACE,DoD,USAF,1999,10/13/99,10/29/99,16,106,"Clinton, Bill",Democrat,Republican,Voice,Voice/UC,,,,,,,0,,
"Eberhart, Ralph E.",VCSAF,USAF,USAF,1997,4/14/97,5/21/97,37,105,"Clinton, Bill",Democrat,Republican,Voice,Voice/UC,,,,,,,0,,
"Ellis, James O.",NAVEUR,USN,USN,1998,6/11/98,6/25/98,14,105,"Clinton, Bill",Democrat,Republican,Voice,Voice/UC,,,,,,,0,,
"Ellis, James O.",STRATCOM,DoD,USN,2002,7/24/01,10/1/02,434,107,"Bush, GW",Republican,Democrat,Voice,Voice/UC,,,,,,,0,,
"Ellis, Larry R.",FORSCOM,USA,USA,2001,7/12/01,8/3/01,22,107,"Bush, GW",Republican,Democrat,Voice,Voice/UC,,,,,,,0,,
"Estes, Howell M., III",SPACE,DoD,USAF,1996,6/10/96,8/2/96,53,104,"Clinton, Bill",Democrat,Republican,Voice,Voice/UC,,,,,,,0,,
"Everhart, Carlton D., II",AFAMC,USAF,USAF,2015,7/15/15,7/27/15,12,114,"Obama, Barrack",Democrat,Republican,Voice,Voice/UC,,,,,,,0,,
"Fallon, William J.",CENTCOM,DoD,USN,2007,1/16/07,2/7/07,22,110,"Bush, GW",Republican,Democrat,Voice,Voice/UC,,,,,,,0,,
"Fallon, William J.",FFC,USN,USN,2003,4/28/03,6/27/03,60,108,"Bush, GW",Republican,Republican,Voice,Voice/UC,,,,,,,1,,
"Fallon, William J.",PACOM,DoD,USN,2005,1/31/05,2/17/05,17,109,"Bush, GW",Republican,Republican,Voice,Voice/UC,,,,,,,1,,
"Fallon, William J.",VCNO,USN,USN,2000,9/6/00,10/6/00,30,106,"Clinton, Bill",Democrat,Republican,Voice,Voice/UC,,,,,,,0,,
"Fargo, Thomas B.",PACFLT,USN,USN,1999,5/24/99,6/30/99,37,106,"Clinton, Bill",Democrat,Republican,Voice,Voice/UC,,,,,,,0,,
"Fargo, Thomas B.",PACOM,DoD,USN,2002,3/21/02,4/29/02,39,107,"Bush, GW",Republican,Democrat,Voice,Voice/UC,,,,,,,0,,
"Ferguson, Mark E., III",NAVEUR,USN,USN,2013,12/12/13,12/20/13,8,113,"Obama, Barrack",Democrat,Democrat,Voice,Voice/UC,,,,,,,1,,
"Ferguson, Mark E., III",VCNO,USN,USN,2011,7/22/11,8/2/11,11,112,"Obama, Barrack",Democrat,Democrat,Voice,Voice/UC,,,,,,,1,,
"Fitzgerald, Mark P.",NAVEUR,USN,USN,2007,7/30/07,9/28/07,60,110,"Bush, GW",Republican,Democrat,Voice,Voice/UC,,,,,,,0,,
"Flanagan, William J., Jr.",LANTFLT,USN,USN,1994,5/3/94,6/22/94,50,103,"Clinton, Bill",Democrat,Democrat,Voice,Voice/UC,,,,,,,1,,
"Fogelman, Ronald R.",TRANSCOM,DoD,USAF,1992,8/4/92,8/12/92,8,102,"Bush, GHW",Republican,Democrat,Unanimous Consent,Voice/UC,,,,,,,0,,
"Fogleman, Ronald R.",CSAF,USAF,USAF,1994,8/25/94,10/7/94,43,103,"Clinton, Bill",Democrat,Democrat,Voice,Voice/UC,,,,,,,1,,
"Foglesong, Robert H.",USAFE,USAF,USAF,2003,5/20/03,6/27/03,38,108,"Bush, GW",Republican,Republican,Voice,Voice/UC,,,,,,,1,,
"Foglesong, Robert H.",VCSAF,USAF,USAF,2001,8/2/01,9/26/01,55,107,"Bush, GW",Republican,Democrat,Voice,Voice/UC,,,,,,,0,,
"Franks, Tommy R.",CENTCOM,DoD,USA,2000,5/17/00,6/27/00,41,106,"Clinton, Bill",Democrat,Republican,Voice,Voice/UC,,,,,,,0,,
"Fraser, Douglas M.",SOUTHCOM,DoD,USAF,2008,1/25/08,2/7/08,13,111,"Obama, Barrack",Democrat,Democrat,Voice,Voice/UC,,,,,,,1,,
"Fraser, William M., III",ACC,USAF,USAF,2009,5/11/09,5/21/09,10,111,"Obama, Barrack",Democrat,Democrat,Voice,Voice/UC,,,,,,,1,,
"Fraser, William M., III",TRANSCOM,DoD,USAF,2011,6/16/11,8/2/11,47,112,"Obama, Barrack",Democrat,Democrat,Voice,Voice/UC,,,,,,,1,,
"Fraser, William M., III",VCSAF,USAF,USAF,2008,4/23/08,10/2/08,162,110,"Bush, GW",Republican,Democrat,Voice,Voice/UC,,,,,,,0,,
"Fulford, Carlton W., Jr.",DEUCOM,DoD,USMC,2000,5/17/00,6/27/00,41,106,"Clinton, Bill",Democrat,Republican,Voice,Voice/UC,,,,,,,0,,
"Gamble, Patrick K.",PACAF,USAF,USAF,1998,6/9/98,6/25/98,16,105,"Clinton, Bill",Democrat,Republican,Voice,Voice/UC,,,,,,,0,,
"Gehman, Harold W., Jr.",LANTCOM,DoD,USN,1997,7/31/97,9/23/97,54,105,"Clinton, Bill",Democrat,Republican,Voice,Voice/UC,,,,,,,0,,
"Gehman, Harold W., Jr.",VCNO,USN,USN,1996,6/27/96,9/6/96,71,104,"Clinton, Bill",Democrat,Republican,Voice,Voice/UC,,,,,,,0,,
"Giambastiani, Edmund P., Jr.",JFCOM,DoD,USN,2002,6/27/02,7/31/02,34,107,"Bush, GW",Republican,Democrat,Voice,Voice/UC,,,,,,,0,,
"Giambastiani, Edmund P., Jr.",JFCOM,DoD,USN,2003,5/22/03,6/18/03,27,108,"Bush, GW",Republican,Republican,Voice,Voice/UC,,,,,,,1,,
"Giambastiani, Edmund P., Jr.",VCJCS,DoD,USN,2005,4/25/05,7/15/05,81,109,"Bush, GW",Republican,Republican,Voice,Voice/UC,,,,,,,1,,
"Goldfein, David L.",CSAF,USAF,USAF,2016,4/25/16,6/29/16,65,114,"Obama, Barrack",Democrat,Republican,Voice,Voice/UC,,,,,,,0,,
"Goldfein, David L.",VCSAF,USAF,USAF,2015,4/20/15,5/31/15,41,114,"Obama, Barrack",Democrat,Republican,Voice,Voice/UC,,,,,,,0,,
"Gorenc, Frank",USAFE,USAF,USAF,2013,6/3/13,6/27/13,24,113,"Obama, Barrack",Democrat,Democrat,Voice,Voice/UC,,,,,,,1,,
"Gortney, William E.",FFC,USN,USN,2012,2/1/12,5/24/12,113,112,"Obama, Barrack",Democrat,Democrat,Voice,Voice/UC,,,,,,,1,,
"Gortney, William E.",NORTHCOM,DoD,USN,2014,6/23/14,7/23/14,30,113,"Obama, Barrack",Democrat,Democrat,Voice,Voice/UC,,,,,,,1,,
"Grass, Frank J.",NGB,DoD,USA,2012,6/28/12,7/26/12,28,112,"Obama, Barrack",Democrat,Democrat,Voice,Voice/UC,,,,,,,1,,
"Greenert, Jonathan W.",CNO,USN,USN,2011,7/22/11,8/2/11,11,112,"Obama, Barrack",Democrat,Democrat,Voice,Voice/UC,,,,,,,1,,
"Greenert, Jonathan W.",FFC,USN,USN,2007,9/4/07,9/28/07,24,110,"Bush, GW",Republican,Democrat,Voice,Voice/UC,,,,,,,0,,
"Greenert, Jonathan W.",VCNO,USN,USN,2009,4/20/09,5/7/09,17,111,"Obama, Barrack",Democrat,Democrat,Voice,Voice/UC,,,,,,,1,,
"Griffin, Benjamin S.",AAMC,USAF,USA,2004,5/17/04,9/30/04,136,108,"Bush, GW",Republican,Republican,Voice,Voice/UC,,,,,,,1,,
"Griffith, Ronald H.",VCSA,USA,USA,1995,5/4/95,5/25/95,21,104,"Clinton, Bill",Democrat,Republican,Voice,Voice/UC,,,,,,,0,,
"Habiger, Eugene E.",STRATCOM,DoD,USAF,1996,12/18/95,2/1/96,45,104,"Clinton, Bill",Democrat,Republican,Voice,Voice/UC,,,,,,,0,,
"Hagee, Michael W.",CMC,USMC,USMC,2003,12/18/95,2/1/96,45,108,"Bush, GW",Republican,Republican,Voice,Voice/UC,,,,,,,1,,
"Ham, Carter F.",AFRICOM,DoD,USA,2010,9/15/10,12/22/10,98,112,"Obama, Barrack",Democrat,Democrat,Voice,Voice/UC,,,,,,,1,,
"Ham, Carter F.",USAREUR,USA,USA,2008,7/10/08,7/23/08,13,110,"Bush, GW",Republican,Democrat,Voice,Voice/UC,,,,,,,0,,
"Handy, John W.",TRANSCOM,DoD,USAF,2001,8/2/01,9/26/01,55,107,"Bush, GW",Republican,Democrat,Voice,Voice/UC,,,,,,,0,,
"Handy, John W.",VCSAF,USAF,USAF,2000,2/22/00,3/30/00,37,106,"Clinton, Bill",Democrat,Republican,Voice,Voice/UC,,,,,,,0,,
"Haney, Cecil E.D.",PACFLT,USN,USN,2011,7/22/11,9/23/11,63,112,"Obama, Barrack",Democrat,Democrat,Voice,Voice/UC,,,,,,,1,,
"Haney, Cecil E.D.",STRATCOM,DoD,USN,2013,6/20/13,8/1/13,42,113,"Obama, Barrack",Democrat,Democrat,Voice,Voice/UC,,,,,,,1,,
"Harris, Harry B., Jr.",PACFLT,USN,USN,2013,6/20/13,8/1/13,42,113,"Obama, Barrack",Democrat,Democrat,Voice,Voice/UC,,,,,,,1,,
"Harris, Harry B., Jr.",PACOM,DoD,USN,2014,9/18/14,12/11/14,84,114,"Obama, Barrack",Democrat,Republican,Voice,Voice/UC,,,,,,,0,,
"Hartzog, William W.",TRADOC,USA,USA,1994,7/20/94,9/23/94,65,103,"Clinton, Bill",Democrat,Democrat,Voice,Voice/UC,,,,,,,1,,
"Harvey, John C., Jr.",FFC,USN,USN,2009,4/20/09,5/7/09,17,111,"Obama, Barrack",Democrat,Democrat,Voice,Voice/UC,,,,,,,1,,
"Hawley, Richard E.",ACC,USAF,USAF,1996,2/26/96,3/14/96,17,104,"Clinton, Bill",Democrat,Republican,Voice,Voice/UC,,,,,,,0,,
"Hawley, Richard E.",USAFE,DoD,USAF,1995,6/21/95,6/30/95,9,104,"Clinton, Bill",Democrat,Republican,Voice,Voice/UC,,,,,,,0,,
"Hearney, Richard D.",ACMC,USMC,USMC,1994,5/12/94,7/15/94,64,103,"Clinton, Bill",Democrat,Democrat,Voice,Voice/UC,,,,,,,1,,
"Hendrix, John W.",FORCSOM,USA,USA,1999,9/16/99,10/29/99,43,106,"Clinton, Bill",Democrat,Republican,Voice,Voice/UC,,,,,,,0,,
"Hester, Paul V.",PACAF,USAF,USAF,2004,6/14/04,6/24/04,10,108,"Bush, GW",Republican,Republican,Voice,Voice/UC,,,,,,,1,,
"Hill, James T.",SOUTHCOM,DoD,USA,2002,5/6/02,7/31/02,86,107,"Bush, GW",Republican,Democrat,Voice,Voice/UC,,,,,,,0,,
"Hobbins, William T",USAFE,USAF,USAF,2005,7/29/05,10/28/05,91,109,"Bush, GW",Republican,Republican,Voice,Voice/UC,,,,,,,1,,
"Hoffman, Donald J.",AFMC,USAF,USAF,2008,4/23/08,7/23/08,91,110,"Bush, GW",Republican,Democrat,Voice,Voice/UC,,,,,,,0,,
"Holland, Charles R.",SOCOM,DoD,USAF,2000,7/26/00,9/7/00,43,106,"Clinton, Bill",Democrat,Republican,Voice,Voice/UC,,,,,,,0,,
"Hornburg, Hal M.",ACC,USAF,USAF,2001,10/16/01,10/31/01,15,107,"Bush, GW",Republican,Democrat,Voice,Voice/UC,,,,,,,0,,
"Hornburg, Hal M.",AETC,USAF,USAF,2000,4/25/00,5/17/00,22,106,"Clinton, Bill",Democrat,Republican,Voice,Voice/UC,,,,,,,0,,
"Horner, Charles A.",SPACE,DoD,USAF,1992,4/28/92,5/21/92,23,102,"Bush, GHW",Republican,Democrat,Voice,Voice/UC,,,,,,,0,,
"Hostage, Gilmary M. III",ACC,USAF,USAF,2011,5/16/11,5/26/11,10,112,"Obama, Barrack",Democrat,Democrat,Voice,Voice/UC,,,,,,,1,,
"Howard, Michelle J.",NAVEUR,USN,USN,2016,5/8/16,5/26/16,18,114,"Obama, Barrack",Democrat,Republican,Voice,Voice/UC,,,,,,,0,,
"Howard, Michelle J.",VCNO,USN,USN,2013,12/12/13,12/20/13,8,113,"Obama, Barrack",Democrat,Democrat,Voice,Voice/UC,,,,,,,1,,
"Hyten, John E.",AFSC,USAF,USAF,2014,3/10/14,4/9/14,30,113,"Obama, Barrack",Democrat,Democrat,Voice,Voice/UC,,,,,,,1,,
"Hyten, John E.",STRATCOM,DoD,USAF,2016,9/8/16,9/28/16,20,114,"Obama, Barrack",Democrat,Republican,Voice,Voice/UC,,,,,,,0,,
"Jacoby Jr, Charles H.",NORTHCOM,DoD,USA,2011,7/25/11,8/2/11,8,112,"Obama, Barrack",Democrat,Democrat,Voice,Voice/UC,,,,,,,1,,
"Jamerson, James L.",EUCOM,DoD,USAF,1995,5/19/95,6/22/95,34,104,"Clinton, Bill",Democrat,Republican,Voice,Voice/UC,,,,,,,0,,
"Jamerson, James L.",USAFE,USAF,USAF,1994,6/8/94,7/15/94,37,103,"Clinton, Bill",Democrat,Democrat,Voice,Voice/UC,,,,,,,1,,
"Johns, Raymond E., Jr.",AFAMC,USAF,USAF,2009,6/4/09,7/31/09,57,111,"Obama, Barrack",Democrat,Democrat,Voice,Voice/UC,,,,,,,1,,
"Johnson, Gregory G.",NAVEUR,USN,USN,2001,9/10/01,9/26/01,16,107,"Bush, GW",Republican,Democrat,Voice,Voice/UC,,,,,,,0,,
"Johnson, Jay L.",CNO,USN,USN,1996,6/5/96,8/2/96,58,104,"Clinton, Bill",Democrat,Republican,Voice,Voice/UC,,,,,,,0,,
"Johnson, Jay L.",VCNO,USN,USN,1996,2/1/96,2/29/96,28,104,"Clinton, Bill",Democrat,Republican,Voice,Voice/UC,,,,,,,0,,
"Jones, James L.",CMC,USMC,USMC,1999,4/21/99,6/16/99,56,106,"Clinton, Bill",Democrat,Republican,Voice,Voice/UC,,,,,,,0,,
"Jones, James L.",EUCOM,DoD,USMC,2002,7/22/02,10/1/02,71,108,"Bush, GW",Republican,Republican,Voice,Voice/UC,,,,,,,1,,
"Jumper, John P.",ACC,USAF,USAF,1999,10/20/99,11/5/99,16,106,"Clinton, Bill",Democrat,Republican,Voice,Voice/UC,,,,,,,0,,
"Jumper, John P.",CSAF,USAF,USAF,2001,7/17/01,8/3/01,17,107,"Bush, GW",Republican,Democrat,Voice,Voice/UC,,,,,,,0,,
"Jumper, John P.",USAFE,USAF,USAF,1997,10/24/97,11/8/97,15,105,"Clinton, Bill",Democrat,Republican,Voice,Voice/UC,,,,,,,0,,
"Keane, John M.",VCSA,USA,USA,1999,5/6/99,5/26/99,20,106,"Clinton, Bill",Democrat,Republican,Voice,Voice/UC,,,,,,,0,,
"Keating, Timothy J.",NORTHCOM,DoD,USN,2004,6/15/04,7/22/04,37,108,"Bush, GW",Republican,Republican,Voice,Voice/UC,,,,,,,1,,
"Keating, Timothy J.",PACOM,DoD,USN,2007,2/7/07,3/19/07,40,110,"Bush, GW",Republican,Democrat,Voice,Voice/UC,,,,,,,0,,
"Kehler, C. Robert",AFSC,USAF,USAF,2007,7/25/07,8/3/07,9,110,"Bush, GW",Republican,Democrat,Voice,Voice/UC,,,,,,,0,,
"Kehler, C. Robert",STRATCOM,DoD,USAF,2010,9/15/10,12/10/10,86,112,"Obama, Barrack",Democrat,Democrat,Voice,Voice/UC,,,,,,,1,,
"Kelly, John F.",SOUTHCOM,DoD,USMC,2012,1/31/12,7/26/12,177,112,"Obama, Barrack",Democrat,Democrat,Voice,Voice/UC,,,,,,,1,,
"Kern, Paul J.",AAMC,USAF,USA,2001,8/3/01,10/16/01,74,107,"Bush, GW",Republican,Democrat,Voice,Voice/UC,,,,,,,0,,
"Kernan, William F.",JFCOM,DoD,USA,2000,6/13/00,6/27/00,14,106,"Clinton, Bill",Democrat,Republican,Voice,Voice/UC,,,,,,,0,,
"Keys, Ronald E.",ACC,USAF,USAF,2005,3/14/05,5/26/05,73,109,"Bush, GW",Republican,Republican,Voice,Voice/UC,,,,,,,1,,
"Kross, Walter",TRANSCOM,DoD,USAF,1996,4/15/96,6/20/96,66,104,"Clinton, Bill",Democrat,Republican,Voice,Voice/UC,,,,,,,0,,
"Krulak, Charles C.",CMC,USMC,USMC,1995,3/14/95,5/23/95,70,104,"Clinton, Bill",Democrat,Republican,Voice,Voice/UC,,,,,,,0,,
"Kutyna, Donald J.",NAADC,DoD,USAF,1992,4/28/92,5/21/92,23,102,"Bush, GHW",Republican,Democrat,Unanimous Consent,Voice/UC,,,,,,,0,,
"LaPorte, Leon J.",USFK,DoD,USA,2002,4/11/02,4/29/02,18,107,"Bush, GW",Republican,Democrat,Voice,Voice/UC,,,,,,,0,,
"Lengyel, Joseph L.",NGB,DoD,USAF,2016,4/4/16,6/29/16,86,114,"Obama, Barrack",Democrat,Republican,Voice,Voice/UC,,,,,,,0,,
"Lichte, Arthur J.",AMC,USAF,USAF,2007,6/21/07,8/1/07,41,110,"Bush, GW",Republican,Democrat,Voice,Voice/UC,,,,,,,0,,
"Locklear, Samuel J, III",NAVEUR,USN,USN,2010,7/27/10,8/5/10,9,111,"Obama, Barrack",Democrat,Democrat,Voice,Voice/UC,,,,,,,1,,
"Locklear, Samuel J, III",PACOM,DoD,USN,2012,1/23/12,2/17/12,25,112,"Obama, Barrack",Democrat,Democrat,Voice,Voice/UC,,,,,,,1,,
"Loh, John M.",ACC,USAF,USAF,1992,3/3/92,4/8/92,36,102,"Bush, GHW",Republican,Democrat,Unanimous Consent,Voice/UC,,,,,,,0,,
"Looney, William R., III",AETC,USAF,USAF,2005,2/28/05,4/28/05,59,109,"Bush, GW",Republican,Republican,Voice,Voice/UC,,,,,,,1,,
"Lopez, Thomas J.",NAVEUR,USN,USN,1996,6/10/96,6/28/96,18,104,"Clinton, Bill",Democrat,Republican,Voice,Voice/UC,,,,,,,0,,
"Lorber, John G.",AFPAC,USAF,USAF,1994,9/13/94,9/23/94,10,103,"Clinton, Bill",Democrat,Democrat,Voice,Voice/UC,,,,,,,1,,
"Lord, Lance W.",AFSC,USAF,USAF,2002,2/15/02,2/27/02,12,107,"Bush, GW",Republican,,Voice,Voice/UC,,,,,,,0,,
"Lorenz, Stephen R.",AETC,USAF,USAF,2008,3/3/08,3/13/08,10,110,"Bush, GW",Republican,Democrat,Voice,Voice/UC,,,,,,,0,,
"Luck, Gary E.",USFK,DoD,USA,1993,5/6/93,5/20/93,14,103,"Clinton, Bill",Democrat,Democrat,Unanimous Consent,Voice/UC,,,,,,,1,,
"Lyles, Lester L.",AFMC,USAF,USAF,2000,2/22/00,3/30/00,37,106,"Clinton, Bill",Democrat,Republican,Voice,Voice/UC,,,,,,,0,,
"Lyles, Lester L.",VCSAF,USAF,USAF,1999,4/15/99,4/29/99,14,106,"Clinton, Bill",Democrat,Republican,Voice,Voice/UC,,,,,,,0,,
"Macke, Richard C.",PACOM,DoD,USN,1994,5/3/94,7/15/94,73,103,"Clinton, Bill",Democrat,Democrat,Voice,Voice/UC,,,,,,,1,,
"Maddox, David M.",USAREUR,USA,USA,1992,5/13/92,7/2/92,50,102,"Bush, GHW",Republican,Democrat,Unanimous Consent,Voice/UC,,,,,,,0,,
"Magnus, Robert",ACMC,USMC,USMC,2005,4/4/05,7/29/05,116,109,"Bush, GW",Republican,Republican,Voice,Voice/UC,,,,,,,1,,
"Martin, Gregory S.",AFMC,USAF,USAF,2003,5/20/03,7/31/03,72,108,"Bush, GW",Republican,Republican,Voice,Voice/UC,,,,,,,1,,
"Martin, Gregory S.",USAFE,USAF,USAF,1999,10/20/99,11/5/99,16,106,"Clinton, Bill",Democrat,Republican,Voice,Voice/UC,,,,,,,0,,
"Martin, Gregory S.",,,USAF,2004,9/7/04,10/7/04,30,108,"Bush, GW",Republican,Republican,Withdrawn,Withdrawn,,,,,,,1,,Received message of withdrawal of nomination from the President.
"Mattis, James N.",CENTCOM,DoD,USMC,2010,7/21/10,8/5/10,15,111,"Obama, Barrack",Democrat,Democrat,Voice,Voice/UC,,,,,,,1,,
"Mattis, James N.",JFCOM,DoD,USMC,2007,9/12/07,9/28/07,16,110,"Bush, GW",Republican,Democrat,Voice,Voice/UC,,,,,,,0,,
"Mattis, James N.",JFCOM,DoD,USMC,2009,7/29/09,9/25/09,58,111,"Obama, Barrack",Democrat,Democrat,Voice,Voice/UC,,,,,,,1,,
"Mauz Jr, Henry H.",LANTFLT,USN,USN,1992,4/28/92,7/2/92,65,102,"Bush, GHW",Republican,Democrat,Unanimous Consent,Voice/UC,,,,,,,0,,
"McCaffrey, Barry R.",SOUTHCOM,DoD,USA,1994,11/22/93,2/9/94,79,103,"Clinton, Bill",Democrat,Democrat,Voice,Voice/UC,,,,,,,1,,
"McChrystal, Stanley A.",USFORA,DoD,USA,2009,5/18/09,6/10/09,23,111,"Obama, Barrack",Democrat,Democrat,Voice,Voice/UC,,,,,,,1,,
"McDew, Darren W.",AFAMC,USAF,USAF,2014,3/10/14,3/31/14,21,113,"Obama, Barrack",Democrat,Democrat,Voice,Voice/UC,,,,,,,1,,
"McDew, Darren W.",TRANSCOM,DoD,USAF,2015,6/4/15,7/27/15,53,114,"Obama, Barrack",Democrat,Republican,Voice,Voice/UC,,,,,,,0,,
"McKiernan, David D.",USAREUR,USA,USA,2005,11/10/05,11/18/05,8,109,"Bush, GW",Republican,Republican,Voice,Voice/UC,,,,,,,1,,
"McKiernan, David D.",USFORA,DoD,USA,2008,9/8/08,10/2/08,24,110,"Bush, GW",Republican,Democrat,Voice,Voice/UC,,,,,,,0,,
"McKinley, Craig R.",NGB,DoD,USAF,2008,9/8/08,10/2/08,24,110,"Bush, GW",Republican,Democrat,Voice,Voice/UC,,,,,,,0,,
"McNabb, Duncan J.",ACC,USAF,USAF,2005,7/14/05,9/30/05,78,109,"Bush, GW",Republican,Republican,Voice,Voice/UC,,,,,,,1,,
"McNabb, Duncan J.",TRANSCOM,DoD,USAF,2008,7/10/08,8/1/08,22,110,"Bush, GW",Republican,Democrat,Voice,Voice/UC,,,,,,,0,,
"McNabb, Duncan J.",VCSAF,USAF,USAF,2007,6/21/07,8/1/07,41,110,"Bush, GW",Republican,Democrat,Voice,Voice/UC,,,,,,,0,,
"McNeill, Dan K.",FORSCOM,USA,USA,2004,3/11/04,4/29/04,49,108,"Bush, GW",Republican,Republican,Voice,Voice/UC,,,,,,,1,,
"McNeill, Dan K.",USFORA,DoD,USA,2007,,,0,110,"Bush, GW",Republican,Democrat,NATO,NoVote,,,,,,,0,,
"McRaven, William H.",SOCOM,DoD,USN,2011,4/6/11,6/30/11,85,112,"Obama, Barrack",Democrat,Democrat,Voice,Voice/UC,,,,,,,1,,
"Meigs, Montgomery C.",USAREUR,USA,USA,1998,7/17/98,9/25/98,70,105,"Clinton, Bill",Democrat,Republican,Voice,Voice/UC,,,,,,,0,,
"Mies, Richard W.",STRATCOM,DoD,USN,1998,4/29/98,6/25/98,57,105,"Clinton, Bill",Democrat,Republican,Voice,Voice/UC,,,,,,,0,,
"Milley, Mark A.",CSA,USA ,USA,2015,6/4/15,8/5/15,62,114,"Obama, Barrack",Democrat,Republican,Voice,Voice/UC,,,,,,,0,,
"Milley, Mark A.",FORSCOM,USA,USA,2014,7/7/14,7/23/14,16,113,"Obama, Barrack",Democrat,Democrat,Voice,Voice/UC,,,,,,,1,,
"Moorman, Thomas S., Jr.",VCSAF,USAF,USAF,1994,5/5/94,7/15/94,71,103,"Clinton, Bill",Democrat,Democrat,Voice,Voice/UC,,,,,,,1,,
"Moran, William F.",VCNO,USN,USN,2016,5/11/16,5/26/16,15,114,"Obama, Barrack",Democrat,Republican,Voice,Voice/UC,,,,,,,0,,
"Moseley, T. Michael",CSAF,USAF,USAF,2005,5/16/05,6/30/05,45,109,"Bush, GW",Republican,Republican,Voice,Voice/UC,,,,,,,1,,
"Moseley, T. Michael",VCSAF,USAF,USAF,2003,5/20/03,7/31/03,72,108,"Bush, GW",Republican,Republican,Voice,Voice/UC,,,,,,,1,,
"Mullen, Michael G.",CJCS,DoD,USN,2007,6/28/07,8/3/07,36,110,"Bush, GW",Republican,Democrat,Voice,Voice/UC,,,,,,,0,,
"Mullen, Michael G.",CJCS,DoD,USN,2009,5/20/09,9/25/09,128,111,"Obama, Barrack",Democrat,Democrat,Voice,Voice/UC,,,,,,,1,1,
"Mullen, Michael G.",CNO,USN,USN,2005,3/2/05,4/28/05,57,109,"Bush, GW",Republican,Republican,Voice,Voice/UC,,,,,,,1,,
"Mullen, Michael G.",NAVEUR,USN,USN,2004,5/3/04,6/24/04,52,108,"Bush, GW",Republican,Republican,Voice,Voice/UC,,,,,,,1,,
"Mullen, Michael G.",VCNO,USN,USN,2003,5/22/03,6/27/03,36,108,"Bush, GW",Republican,Republican,Voice,Voice/UC,,,,,,,1,,
"Myers, Richard",CJCS,DoD,USAF,2001,9/4/01,9/14/01,10,107,"Bush, GW",Republican,Democrat,Voice,Voice/UC,,,,,,,0,,
"Myers, Richard",CJCS,DoD,USAF,2003,6/18/03,7/31/03,43,108,"Bush, GW",Republican,Republican,Voice,Voice/UC,,,,,,,1,1,
"Myers, Richard B.",PACAF,USAF,USAF,1997,4/14/97,5/21/97,37,105,"Clinton, Bill",Democrat,Republican,Voice,Voice/UC,,,,,,,0,,
"Myers, Richard B.",SPACE,DoD,USAF,1998,6/9/98,6/25/98,16,105,"Clinton, Bill",Democrat,Republican,Voice,Voice/UC,,,,,,,0,,
"Myers, Richard B.",VCJCS,DoD,USAF,2000,10/13/99,10/29/99,16,106,"Clinton, Bill",Democrat,Republican,Voice,Voice/UC,,,,,,,0,,
"Nathman, John B.",FFC,USN,USN,2006,2/7/05,2/17/05,10,109,"Bush, GW",Republican,Republican,Voice,Voice/UC,,,,,,,1,,
"Nathman, John B.",VCNO,USN,USN,2004,6/1/04,7/22/04,51,108,"Bush, GW",Republican,Republican,Voice,Voice/UC,,,,,,,1,,
"Natter, Robert J.",LANTFLT,USN,USN,2000,5/23/00,5/25/00,2,106,"Clinton, Bill",Democrat,Republican,Voice,Voice/UC,,,,,,,0,,
"Neal, Richard I.",ACMC,USMC,USMC,1996,3/28/96,6/20/96,84,104,"Clinton, Bill",Democrat,Republican,Voice,Voice/UC,,,,,,,0,,
"Neller, Robert B.",CMC,USMC,USMC,2015,7/15/15,8/5/15,21,114,"Obama, Barrack",Democrat,Republican,Voice,Voice/UC,,,,,,,0,,
"Newton, Lloyd W.",AETC,USAF,USAF,1997,1/7/97,1/30/97,23,105,"Clinton, Bill",Democrat,Republican,Voice,Voice/UC,,,,,,,0,,
"Nicholson Jr, John W.",USFORA,DoD,USA,2016,1/27/16,2/4/16,8,114,"Obama, Barrack",Democrat,Republican,Voice,Voice/UC,,,,,,,0,,
"North, Gary L.",PACAF,USAF,USAF,2009,7/8/09,7/31/09,23,111,"Obama, Barrack",Democrat,Democrat,Voice,Voice/UC,,,,,,,1,,
"Nyland, William L.",ACMC,USMC,USMC,2002,7/16/02,7/31/02,15,107,"Bush, GW",Republican,Democrat,Voice,Voice/UC,,,,,,,0,,
"O'Shaughnessy, Terrence J.",AFPAC,USAF,USAF,2016,6/9/16,6/29/16,20,114,"Obama, Barrack",Democrat,Republican,Voice,Voice/UC,,,,,,,0,,
"Oaks, Robert C.",USAFE,USAF,USAF,1994,5/24/94,6/22/94,29,103,"Clinton, Bill",Democrat,Democrat,Voice,Voice/UC,,,,,,,1,,
"Odierno, Raymond T.",CSA,USA ,USA,2011,6/6/11,8/2/11,57,112,"Obama, Barrack",Democrat,Democrat,Voice,Voice/UC,,,,,,,1,,
"Odierno, Raymond T.",JFCOM,DoD,USA,2010,5/24/10,6/30/10,37,111,"Obama, Barrack",Democrat,Democrat,Voice,Voice/UC,,,,,,,1,,
"Odierno, Raymond T.",MNFI,DoD,USA,2008,2/5/08,7/10/08,156,110,"Bush, GW",Republican,Democrat,Rollcall,Rollcall,48,1,2,48,0,1,0,,Both presidential candidates not voting
"Olson, Eric T.",SOCOM,DoD,USN,2007,5/10/07,6/28/07,49,110,"Bush, GW",Republican,Democrat,Voice,Voice/UC,,,,,,,0,,
"Owens, William A.",VCJCS,DoD,USN,1994,1/27/94,2/9/94,13,103,"Clinton, Bill",Democrat,Democrat,Voice,Voice/UC,,,,,,,1,,
"Owens, William A.",,DoD,USN,1993,10/20/93,11/8/93,19,103,"Clinton, Bill",Democrat,Democrat,Voice,Voice/UC,,,,,,,1,,
"Pace, Peter",CJCS,DoD,USMC,2005,4/25/05,7/15/05,81,109,"Bush, GW",Republican,Republican,Voice,Voice/UC,,,,,,,1,,
"Pace, Peter",SOUTHCOM,DoD,USMC,2000,7/18/00,9/7/00,51,106,"Clinton, Bill",Democrat,Republican,Voice,Voice/UC,,,,,,,0,,
"Pace, Peter",VCJCS,DoD,USMC,2001,9/4/01,9/26/01,22,107,"Bush, GW",Republican,Democrat,Voice,Voice/UC,,,,,,,0,,
"Pace, Peter",VCJCS,DoD,USMC,2003,6/18/03,7/31/03,43,108,"Bush, GW",Republican,Republican,Voice,Voice/UC,,,,,,,1,1,
"Pace, Peter",CJCS,DoD,USMC,2007,,,,109,"Bush, GW",Republican,Democrat,Not Submitted,Withdrawn,,,,,,,0,1,
"Pawlikowski, Ellen M.",AFMC,USAF,USAF,2015,2/12/15,3/27/15,43,114,"Obama, Barrack",Democrat,Republican,Voice,Withdrawn,,,,,,,0,,
"Paxton, John M., Jr.",ACMC,USMC,USMC,2012,11/13/12,12/3/12,20,112,"Obama, Barrack",Democrat,Democrat,Voice,Withdrawn,,,,,,,1,,
"Peay, Binford J.H., III",CENTCOM,DoD,USA,1994,5/10/94,6/22/94,43,103,"Clinton, Bill",Democrat,Democrat,Voice,Withdrawn,,,,,,,1,,
"Peay, Binford J.H., III",VCSA,USA,USA,1993,1/7/93,3/26/93,78,103,"Clinton, Bill",Democrat,Democrat,Unanimous Consent,Withdrawn,,,,,,,1,,
"Perkins, David G.",TRADOC,USA,USA,2013,9/17/13,12/20/13,94,113,"Obama, Barrack",Democrat,Democrat,Voice,Withdrawn,,,,,,,1,,
"Perna, Gustave F.",AAMC,USAF,USA,2016,9/6/16,9/15/16,9,114,"Obama, Barrack",Democrat,Republican,Voice,Withdrawn,,,,,,,0,,
"Petraeus, David H.",CENTCOM,DoD,USA,2008,4/30/08,7/10/08,71,110,"Bush, GW",Republican,Democrat,Rollcall,Rollcall,47,2,2,48,0,1,0,,
"Petraeus, David H.",MNFI,DoD,USA,2007,1/16/07,1/26/07,10,110,"Bush, GW",Republican,Democrat,Rollcall,Rollcall,44,0,7,37,0,12,0,,
"Petraeus, David H.",USFORA,DoD,USA,2010,6/24/10,6/30/10,6,111,"Obama, Barrack",Democrat,Democrat,Rollcall,Rollcall,57,0,0,42,0,0,1,,
"Pilling, Donald L.",VCNO,USN,USN,1997,10/9/97,10/30/97,21,105,"Clinton, Bill",Democrat,Republican,Voice,Voice/UC,,,,,,,0,,
"Prueher, Joseph W.",PACOM,DoD,USN,1996,1/10/96,1/30/96,20,104,"Clinton, Bill",Democrat,Republican,Voice,Voice/UC,,,,,,,0,,
"Prueher, Joseph W.",VCNO,USN,USN,1995,2/22/95,4/6/95,43,104,"Clinton, Bill",Democrat,Republican,Voice,Voice/UC,,,,,,,0,,
"Ralston, Joseph",ACC,USAF,USAF,1995,4/6/95,5/25/95,49,104,"Clinton, Bill",Democrat,Republican,Voice,Voice/UC,,,,,,,0,,
"Ralston, Joseph",EUCOM,DoD,USAF,1999,10/13/99,10/29/99,16,106,"Clinton, Bill",Democrat,Republican,Voice,Voice/UC,,,,,,,0,,
"Ralston, Joseph",VCJCS,DoD,USAF,1996,12/18/95,1/26/96,39,104,"Clinton, Bill",Democrat,Republican,Voice,Voice/UC,,,,,,,0,,
"Ralston, Joseph",VCJCS,DoD,USAF,1998,1/28/98,2/5/98,8,105,"Clinton, Bill",Democrat,Republican,Voice,Voice/UC,,,,,,,0,1,
"Rand, Robin",AETC,USAF,USAF,2013,6/26/13,8/1/13,36,113,"Obama, Barrack",Democrat,Democrat,Voice,Voice/UC,,,,,,,1,,
"Rand, Robin",AFGSC,USAF,USAF,2015,2/25/15,3/27/15,30,114,"Obama, Barrack",Democrat,Republican,Voice,Voice/UC,,,,,,,0,,
"Reason, J. Paul",LANTFLT,USN,USN,1996,5/14/96,6/20/96,37,104,"Clinton, Bill",Democrat,Republican,Voice,Voice/UC,,,,,,,0,,
"Renuart, Victor E., Jr.",NORTHCOM,DoD,USAF,2007,2/26/07,3/19/07,21,110,"Bush, GW",Republican,Democrat,Voice,Voice/UC,,,,,,,0,,
"Rice, Edward A., Jr.",AETC,USAF,USAF,2010,3/17/10,5/7/10,51,111,"Obama, Barrack",Democrat,Democrat,Voice,Voice/UC,,,,,,,1,,
"Richardson, John M.",CNO,USN,USN,2015,6/4/15,8/5/15,62,114,"Obama, Barrack",Democrat,Republican,Voice,Voice/UC,,,,,,,0,,
"Richardson, John M.",NNPP,USN,USN,2012,7/11/12,7/26/12,15,112,"Obama, Barrack",Democrat,Democrat,Voice,Voice/UC,,,,,,,1,,
"Robertson, Charles T., Jr.",TRANSCOM,DoD,USAF,1998,5/12/98,6/25/98,44,105,"Clinton, Bill",Democrat,Republican,Voice,Voice/UC,,,,,,,0,,
"Robinson, Lori J.",AFPAC,USAF,USAF,2014,7/14/14,7/23/14,9,113,"Obama, Barrack",Democrat,Democrat,Voice,Voice/UC,,,,,,,1,,
"Robinson, Lori J.",NORTHCOM,DoD,USAF,2016,4/14/16,4/28/16,14,114,"Obama, Barrack",Democrat,Republican,Voice,Voice/UC,,,,,,,0,,
"Rodriguez, David M.",AFRICOM,DoD,USA,2013,11/13/12,3/5/13,112,113,"Obama, Barrack",Democrat,Democrat,Voice,Voice/UC,,,,,,,1,,
"Rodriguez, David M.",FORSCOM,USA,USA,2011,4/8/11,4/14/11,6,112,"Obama, Barrack",Democrat,Democrat,Voice,Voice/UC,,,,,,,1,,
"Rogers, Michael S.",CYBER,DoD,USN,2014,1/30/14,3/31/14,60,113,"Obama, Barrack",Democrat,Democrat,Voice,Voice/UC,,,,,,,1,,
"Roughead, Gary",CNO,USN,USN,2007,8/2/07,9/28/07,57,110,"Bush, GW",Republican,Democrat,Voice,Voice/UC,,,,,,,0,,
"Roughead, Gary",FFC,USN,USN,2007,3/19/07,3/29/07,10,110,"Bush, GW",Republican,Democrat,Voice,Voice/UC,,,,,,,0,,
"Roughead, Gary",PACFLT,USN,USN,2005,3/8/05,5/26/05,79,109,"Bush, GW",Republican,Republican,Voice,Voice/UC,,,,,,,1,,
"Rutherford, Robert L.",TRANSCOM,DoD,USAF,1994,8/25/94,10/7/94,43,103,"Clinton, Bill",Democrat,Democrat,Voice,Voice/UC,,,,,,,1,,
"Rutherford, Robert L.",AFPAC,USAF,USAF,1992,9/23/92,10/6/92,13,102,"Bush, GHW",Republican,Democrat,Unanimous Consent,Voice/UC,,,,,,,0,,
"Ryan, Michael E.",CSAF,USAF,USAF,1997,7/31/97,9/24/97,55,105,"Clinton, Bill",Democrat,Republican,Voice,Voice/UC,,,,,,,0,,
"Ryan, Michael E.",USAFE,USAF,USAF,1996,2/26/96,3/28/96,31,104,"Clinton, Bill",Democrat,Republican,Voice,Voice/UC,,,,,,,0,,
"Salomon, Leon E.",AAMC,USAF,USA,1994,10/7/93,11/20/93,44,103,"Clinton, Bill",Democrat,Democrat,Voice,Voice/UC,,,,,,,1,,
"Scaparrotti, Curtis M.",EUCOM,DoD,USA,2016,3/14/16,4/28/16,45,114,"Obama, Barrack",Democrat,Republican,Voice,Voice/UC,,,,,,,0,,
"Scaparrotti, Curtis M.",USFK,DoD,USA,2013,5/20/13,8/1/13,73,113,"Obama, Barrack",Democrat,Democrat,Voice,Voice/UC,,,,,,,1,,
"Schoomaker, Peter J.",CSA,USA ,USA,2003,6/16/03,7/31/03,45,108,"Bush, GW",Republican,Republican,Voice,Voice/UC,,,,,,,1,,
"Schoomaker, Peter J.",SOCOM,DoD,USA,1997,9/15/97,10/30/97,45,105,"Clinton, Bill",Democrat,Republican,Voice,Voice/UC,,,,,,,0,,
"Schwartz, Norton A.",CSAF,USAF,USAF,2008,7/10/08,8/1/08,22,110,"Bush, GW",Republican,Democrat,Voice,Voice/UC,,,,,,,0,,
"Schwartz, Norton A.",TRANSCOM,DoD,USAF,2005,6/14/05,7/29/05,45,109,"Bush, GW",Republican,Republican,Voice,Voice/UC,,,,,,,1,,
"Schwartz, Thomas A.",FORSCOM,USA,USA,1998,7/13/98,7/30/98,17,105,"Clinton, Bill",Democrat,Republican,Voice,Voice/UC,,,,,,,0,,
"Schwartz, Thomas A.",USFK,DoD,USA,1999,9/8/99,10/29/99,51,106,"Clinton, Bill",Democrat,Republican,Voice,Voice/UC,,,,,,,0,,
"Selva, Paul J.",AFAMC,USAF,USAF,2012,6/7/12,7/26/12,49,112,"Obama, Barrack",Democrat,Democrat,Voice,Voice/UC,,,,,,,1,,
"Selva, Paul J.",TRANSCOM,DoD,USAF,2014,2/6/14,4/8/14,61,113,"Obama, Barrack",Democrat,Democrat,Voice,Voice/UC,,,,,,,1,,
"Selva, Paul J.",VCJCS,DoD,USAF,2015,5/21/15,7/27/15,67,114,"Obama, Barrack",Democrat,Republican,Voice,Voice/UC,,,,,,,0,,
"Shalikashvili, John M.D.",CJCS,DoD,USA,1993,9/7/93,10/5/93,28,103,"Clinton, Bill",Democrat,Democrat,Voice,Voice/UC,,,,,,,1,,
"Shalikashvili, John M.D.",CJCS,DoD,USA,1995,6/30/95,9/29/95,91,104,"Clinton, Bill",Democrat,Republican,Voice,Voice/UC,,,,,,,0,1,
"Shalikashvili, John M.D.",EUCOM,DoD,USA,1992,4/30/92,6/18/92,49,102,"Bush, GHW",Republican,Democrat,Unanimous Consent,Voice/UC,,,,,,,0,,
"Sharp, Walter L.",USFK,DoD,USA,2008,2/14/08,4/29/08,75,110,"Bush, GW",Republican,Democrat,Voice,Voice/UC,,,,,,,0,,
"Sheehan, John J.",LANTCOM,DoD,USMC,1994,9/12/94,10/7/94,25,103,"Clinton, Bill",Democrat,Democrat,Voice,Voice/UC,,,,,,,1,,
"Shelton, H. Hugh",CJCS,DoD,USA,1997,7/29/97,9/16/97,49,105,"Clinton, Bill",Democrat,Republican,Voice,Voice/UC,,,,,,,0,,
"Shelton, H. Hugh",CJCS,DoD,USA,1999,5/20/99,9/24/99,127,106,"Clinton, Bill",Democrat,Republican,Voice,Voice/UC,,,,,,,0,1,
"Shelton, H. Hugh",SOCOM,DoD,USA,1996,12/18/95,2/1/96,45,104,"Clinton, Bill",Democrat,Republican,Voice,Voice/UC,,,,,,,0,,
"Shelton, William L.",AFSC,USAF,USAF,2010,9/13/10,9/29/10,16,112,"Obama, Barrack",Democrat,Democrat,Voice,Voice/UC,,,,,,,1,,
"Shinseki, Eric K.",CSA,USA ,USA,1999,4/21/99,6/16/99,56,106,"Clinton, Bill",Democrat,Republican,Voice,Voice/UC,,,,,,,0,,
"Shinseki, Eric K.",USAREUR,USA,USA,1997,6/6/97,6/27/97,21,105,"Clinton, Bill",Democrat,Republican,Voice,Voice/UC,,,,,,,0,,
"Shinseki, Eric K.",VCSA,USA,USA,1998,9/14/98,9/25/98,11,105,"Clinton, Bill",Democrat,Republican,Voice,Voice/UC,,,,,,,0,,
"Smith, Lance L.",JFC,DoD,USAF,2005,10/19/05,10/28/05,9,109,"Bush, GW",Republican,Republican,Voice,Voice/UC,,,,,,,1,,
"Smith, Leighton W., Jr.",NAVEUR,USN,USN,1994,3/15/94,3/17/94,2,103,"Clinton, Bill",Democrat,Democrat,Voice,Voice/UC,,,,,,,1,,
"Spencer, Larry O.",VCSAF,USAF,USAF,2012,5/10/12,5/24/12,14,112,"Obama, Barrack",Democrat,Democrat,Voice,Voice/UC,,,,,,,1,,
"Stavridis, James G.",EUCOM,DoD,USN,2009,5/12/09,6/10/09,29,111,"Obama, Barrack",Democrat,Democrat,Voice,Voice/UC,,,,,,,1,,
"Stavridis, James G.",SOUTHCOM,DoD,USN,2006,5/4/06,6/29/06,56,109,"Bush, GW",Republican,Republican,Voice,Voice/UC,,,,,,,1,,
"Swift, Scott H.",PACFLT,USN,USN,2014,11/19/14,12/11/14,22,114,"Obama, Barrack",Democrat,Republican,Voice,Voice/UC,,,,,,,0,,
"Thomas, Raymond A., III",SOCOM,DoD,USA,2016,2/22/16,3/17/16,24,114,"Obama, Barrack",Democrat,Republican,Voice,Voice/UC,,,,,,,0,,
"Thurman, James D.",FORSCOM,USA,USA,2010,2/24/10,3/19/10,23,111,"Obama, Barrack",Democrat,Democrat,Voice,Voice/UC,,,,,,,1,,
"Thurman, James D.",USFK,DoD,USA,2011,5/4/11,6/30/11,57,112,"Obama, Barrack",Democrat,Democrat,Voice,Voice/UC,,,,,,,1,,
"Tidd, Kurt W.",SOUTHCOM,DoD,USN,2015,10/28/15,12/16/15,49,114,"Obama, Barrack",Democrat,Republican,Voice,Voice/UC,,,,,,,0,,
"Tilelli, John H., Jr.",FORSCOM,USA,USA,1994,5/17/94,7/15/94,59,104,"Clinton, Bill",Democrat,Republican,Voice,Voice/UC,,,,,,,0,,
"Tilelli, John H., Jr.",USFK,DoD,USA,1996,3/28/96,6/28/96,92,104,"Clinton, Bill",Democrat,Republican,Voice,Voice/UC,,,,,,,0,,
"Tilelli, John H., Jr.",VCSA,USA,USA,1995,5/4/95,5/25/95,21,104,"Clinton, Bill",Democrat,Republican,Voice,Voice/UC,,,,,,,0,,
"Ulrich, Henry G., III",NAVEUR,USN,USN,2005,4/14/05,4/28/05,14,109,"Bush, GW",Republican,Republican,Voice,Voice/UC,,,,,,,1,,
"Via, Dennis L.",AAMC,USAF,USA,2012,1/31/12,4/26/12,86,112,"Obama, Barrack",Democrat,Democrat,Voice,Voice/UC,,,,,,,1,,
"Viccellio, Henry, Jr.",AFMC,USAF,USAF,1995,2/8/95,4/3/95,54,104,"Clinton, Bill",Democrat,Republican,Voice,Voice/UC,,,,,,,0,,
"Viccellio, Henry, Jr.",AFTC,USAF,USAF,1992,9/24/92,10/6/92,12,102,"Bush, GHW",Republican,Democrat,Unanimous Consent,Voice/UC,,,,,,,0,,
"Votel, Joseph L.",CENTCOM,DoD,USA,2016,2/22/16,3/17/16,24,114,"Obama, Barrack",Democrat,Republican,Voice,Voice/UC,,,,,,,0,,
"Votel, Joseph L.",SOCOM,DoD,USA,2014,6/16/14,7/23/14,37,113,"Obama, Barrack",Democrat,Democrat,Voice,Voice/UC,,,,,,,1,,
"Wald, Charles F.",EUCOM,DoD,USAF,2002,7/18/02,10/1/02,75,107,"Bush, GW",Republican,Democrat,Voice,Voice/UC,,,,,,,0,,
"Waldhauser, Thomas D.",AFRICOM,DoD,USMC,2016,4/26/16,6/29/16,64,114,"Obama, Barrack",Democrat,Republican,Voice,Voice/UC,,,,,,,0,,
"Wallace, William S.",TRADOC,USA,USA,2005,4/4/05,9/30/05,179,109,"Bush, GW",Republican,Republican,Voice,Voice/UC,,,,,,,1,,
"Walsh, Patrick M.",PACFLT,USN,USN,2009,4/20/09,5/7/09,17,111,"Obama, Barrack",Democrat,Democrat,Voice,Voice/UC,,,,,,,1,,
"Walsh, Patrick M.",VCNO,USN,USN,2006,9/20/06,11/16/06,57,110,"Bush, GW",Republican,Democrat,Voice,Voice/UC,,,,,,,0,,
"Walters, Glenn M.",ACMC,USMC,USMC,2016,6/6/16,6/29/16,23,114,"Obama, Barrack",Democrat,Republican,Voice,Voice/UC,,,,,,,0,,
"Ward, William E.",AFRICOM,DoD,USA,2007,7/11/07,9/28/07,79,110,"Bush, GW",Republican,Democrat,Voice,Voice/UC,,,,,,,0,,
"Ward, William E.",DEUCOM,DoD,USA,2005,7/20/05,7/29/05,9,109,"Bush, GW",Republican,Republican,Voice,Voice/UC,,,,,,,1,,
"Welsh, Mark A., III",CSAF,USAF,USAF,2012,5/10/12,8/2/12,84,112,"Obama, Barrack",Democrat,Democrat,Voice,Voice/UC,,,,,,,1,,
"Welsh, Mark A., III",USAFE,USAF,USAF,2009,9/30/09,10/28/09,28,111,"Obama, Barrack",Democrat,Democrat,Voice,Voice/UC,,,,,,,1,,
"Wilhelm, Charles E.",SOUTHCOM,DoD,USMC,1997,7/21/97,9/23/97,64,105,"Clinton, Bill",Democrat,Republican,Voice,Voice/UC,,,,,,,0,,
"Willard, Robert F.",PACFLT,USN,USN,2007,3/19/07,3/29/07,10,110,"Bush, GW",Republican,Democrat,Voice,Voice/UC,,,,,,,0,,
"Willard, Robert F.",PACOM,DoD,USN,2009,6/1/09,7/31/09,60,111,"Obama, Barrack",Democrat,Democrat,Voice,Voice/UC,,,,,,,1,,
"Willard, Robert F.",VCNO,USN,USN,2005,2/7/05,2/17/05,10,109,"Bush, GW",Republican,Republican,Voice,Voice/UC,,,,,,,1,,
"Willard, Robert F.",,,USN,2006,11/9/06,12/9/06,30,109,"Bush, GW",Republican,Republican,Voice,Voice/UC,,,,,,,1,,
"Williams, Michael J.",ACMC,USMC,USMC,2000,5/11/00,6/27/00,47,106,"Clinton, Bill",Democrat,Republican,Voice,Voice/UC,,,,,,,0,,
"Wilson, Johnnie E.",AAMC,USAF,USA,1996,2/1/96,2/29/96,28,104,"Clinton, Bill",Democrat,Republican,Voice,Voice/UC,,,,,,,0,,
"Wilson, Stephen W.",VCSAF,USAF,USAF,2016,6/16/16,6/29/16,13,114,"Obama, Barrack",Democrat,Republican,Voice,Voice/UC,,,,,,,0,,
"Winnefeld, James A, Jr.",NORTHCOM,DoD,USN,2010,1/20/10,5/7/10,107,111,"Obama, Barrack",Democrat,Democrat,Voice,Voice/UC,,,,,,,1,,
"Winnefeld, James A, Jr.",VCJCS,DoD,USN,2011,6/6/11,8/2/11,57,112,"Obama, Barrack",Democrat,Democrat,Voice,Voice/UC,,,,,,,1,,
"Winnefeld, James A, Jr.",VCJCS,DoD,USN,2013,6/24/13,8/1/13,38,113,"Obama, Barrack",Democrat,Democrat,Voice,Voice/UC,,,,,,,1,1,
"Wolfenbarger, Janet C.",AFMC,USAF,USAF,2012,2/6/12,3/26/12,49,112,"Obama, Barrack",Democrat,Democrat,Voice,Voice/UC,,,,,,,1,,
"Wolters, Tod D.",USAFE,USAF,USAF,2016,6/6/16,6/29/16,23,114,"Obama, Barrack",Democrat,Republican,Voice,Voice/UC,,,,,,,0,,
"Wright, Bruce A.",ACC,USAF,USAF,2004,9/7/04,10/6/04,29,108,"Bush, GW",Republican,Republican,Voice,Voice/UC,,,,,,,1,,
"Yates, Ronald W.",AFMC,USAF,USAF,1992,3/3/92,6/18/92,107,102,"Bush, GHW",Republican,Democrat,Voice,Voice/UC,,,,,,,0,,
"Zinni, Anthony C.",CENTCOM,DoD,USMC,1997,5/23/97,7/9/97,47,105,"Clinton, Bill",Democrat,Republican,Voice,Voice/UC,,,,,,,0,,
"Zlatoper, Ronald J.",PACFLT,USN,USN,1994,5/3/94,7/15/94,73,103,"Clinton, Bill",Democrat,Democrat,Voice,Voice/UC,,,,,,,1,,
,,,,,,,,,,,,,,,,,,,,,,
,,,,,,,,,,,,Withdrawn,9,,,,,,,,,
,,,,,,,,,,,,No Vote,1,,,,,,,,,
,,,,,,,,,,,,Roll Call,5,,,,,,,,,
,,,,,,,,,,,,Voice/UC,352,,,,,,,,,
,,,,,,,,,,,,,367,,,,,,,,,